{
  "majority": {
    "val": {
      "per_class_precision": {
        "0": 0.0,
        "1": 0.7683333333333333,
        "2": 0.0
      },
      "per_class_recall": {
        "0": 0.0,
        "1": 1.0,
        "2": 0.0
      },
      "per_class_f1": {
        "0": 0.0,
        "1": 0.8689915174363808,
        "2": 0.0
      },
      "macro_precision": 0.2561111111111111,
      "macro_recall": 0.3333333333333333,
      "weighted_f1": 0.6676751492302859,
      "support": {
        "0": 132,
        "1": 922,
        "2": 146
      },
      "true_class_distribution": {
        "0": 132,
        "1": 922,
        "2": 146
      },
      "pred_class_distribution": {
        "0": 0,
        "1": 1200,
        "2": 0
      }
    },
    "test": {
      "per_class_precision": {
        "0": 0.0,
        "1": 0.4500998003992016,
        "2": 0.0
      },
      "per_class_recall": {
        "0": 0.0,
        "1": 1.0,
        "2": 0.0
      },
      "per_class_f1": {
        "0": 0.0,
        "1": 0.6207845836200964,
        "2": 0.0
      },
      "macro_precision": 0.15003326679973386,
      "macro_recall": 0.3333333333333333,
      "weighted_f1": 0.27941501717830686,
      "support": {
        "0": 288,
        "1": 451,
        "2": 263
      },
      "true_class_distribution": {
        "0": 288,
        "1": 451,
        "2": 263
      },
      "pred_class_distribution": {
        "0": 0,
        "1": 1002,
        "2": 0
      }
    }
  },
  "logistic_regression": {
    "val": {
      "per_class_precision": {
        "0": 0.1484593837535014,
        "1": 0.7814113597246127,
        "2": 0.20610687022900764
      },
      "per_class_recall": {
        "0": 0.4015151515151515,
        "1": 0.4924078091106291,
        "2": 0.3698630136986301
      },
      "per_class_f1": {
        "0": 0.2167689161554192,
        "1": 0.6041250831669993,
        "2": 0.2647058823529412
      },
      "macro_precision": 0.3786592045690406,
      "macro_recall": 0.4212619914414702,
      "weighted_f1": 0.5202199020300151,
      "support": {
        "0": 132,
        "1": 922,
        "2": 146
      },
      "true_class_distribution": {
        "0": 132,
        "1": 922,
        "2": 146
      },
      "pred_class_distribution": {
        "0": 357,
        "1": 581,
        "2": 262
      }
    },
    "test": {
      "per_class_precision": {
        "0": 0.3015075376884422,
        "1": 0.45,
        "2": 0.36893203883495146
      },
      "per_class_recall": {
        "0": 0.20833333333333334,
        "1": 0.6984478935698448,
        "2": 0.1444866920152091
      },
      "per_class_f1": {
        "0": 0.2464065708418891,
        "1": 0.5473501303214596,
        "2": 0.20765027322404372
      },
      "macro_precision": 0.3734798588411312,
      "macro_recall": 0.35042263963946246,
      "weighted_f1": 0.37168864574387805,
      "support": {
        "0": 288,
        "1": 451,
        "2": 263
      },
      "true_class_distribution": {
        "0": 288,
        "1": 451,
        "2": 263
      },
      "pred_class_distribution": {
        "0": 199,
        "1": 700,
        "2": 103
      }
    }
  },
  "mlp": {
    "val": {
      "per_class_precision": {
        "0": 0.08089887640449438,
        "1": 0.735080058224163,
        "2": 0.23529411764705882
      },
      "per_class_recall": {
        "0": 0.2727272727272727,
        "1": 0.5477223427331888,
        "2": 0.1095890410958904
      },
      "per_class_f1": {
        "0": 0.12478336221837089,
        "1": 0.6277190801740211,
        "2": 0.14953271028037382
      },
      "macro_precision": 0.35042435075857203,
      "macro_recall": 0.310012885518784,
      "weighted_f1": 0.5142168095285059,
      "support": {
        "0": 132,
        "1": 922,
        "2": 146
      },
      "true_class_distribution": {
        "0": 132,
        "1": 922,
        "2": 146
      },
      "pred_class_distribution": {
        "0": 445,
        "1": 687,
        "2": 68
      }
    },
    "test": {
      "per_class_precision": {
        "0": 0.38738738738738737,
        "1": 0.4612794612794613,
        "2": 0.0
      },
      "per_class_recall": {
        "0": 0.14930555555555555,
        "1": 0.9113082039911308,
        "2": 0.0
      },
      "per_class_f1": {
        "0": 0.21553884711779447,
        "1": 0.6125186289120715,
        "2": 0.0
      },
      "macro_precision": 0.2828889495556162,
      "macro_recall": 0.35353791984889543,
      "weighted_f1": 0.33764579801324257,
      "support": {
        "0": 288,
        "1": 451,
        "2": 263
      },
      "true_class_distribution": {
        "0": 288,
        "1": 451,
        "2": 263
      },
      "pred_class_distribution": {
        "0": 111,
        "1": 891,
        "2": 0
      }
    }
  }
}