{
  "majority": {
    "val": {
      "per_class_precision": {
        "0": 0.0,
        "1": 0.7458333333333333,
        "2": 0.0
      },
      "per_class_recall": {
        "0": 0.0,
        "1": 1.0,
        "2": 0.0
      },
      "per_class_f1": {
        "0": 0.0,
        "1": 0.8544152744630071,
        "2": 0.0
      },
      "macro_precision": 0.24861111111111112,
      "macro_recall": 0.3333333333333333,
      "weighted_f1": 0.6372513922036595,
      "support": {
        "0": 141,
        "1": 895,
        "2": 164
      },
      "true_class_distribution": {
        "0": 141,
        "1": 895,
        "2": 164
      },
      "pred_class_distribution": {
        "0": 0,
        "1": 1200,
        "2": 0
      }
    },
    "test": {
      "per_class_precision": {
        "0": 0.0,
        "1": 0.6440972222222222,
        "2": 0.0
      },
      "per_class_recall": {
        "0": 0.0,
        "1": 1.0,
        "2": 0.0
      },
      "per_class_f1": {
        "0": 0.0,
        "1": 0.7835269271383316,
        "2": 0.0
      },
      "macro_precision": 0.21469907407407407,
      "macro_recall": 0.3333333333333333,
      "weighted_f1": 0.5046675173061129,
      "support": {
        "0": 205,
        "1": 742,
        "2": 205
      },
      "true_class_distribution": {
        "0": 205,
        "1": 742,
        "2": 205
      },
      "pred_class_distribution": {
        "0": 0,
        "1": 1152,
        "2": 0
      }
    }
  },
  "logistic_regression": {
    "val": {
      "per_class_precision": {
        "0": 0.29842931937172773,
        "1": 0.8229665071770335,
        "2": 0.2947976878612717
      },
      "per_class_recall": {
        "0": 0.40425531914893614,
        "1": 0.7687150837988826,
        "2": 0.31097560975609756
      },
      "per_class_f1": {
        "0": 0.3433734939759036,
        "1": 0.7949162333911034,
        "2": 0.3026706231454006
      },
      "macro_precision": 0.4720645048033443,
      "macro_recall": 0.49464867090130543,
      "weighted_f1": 0.674586394776238,
      "support": {
        "0": 141,
        "1": 895,
        "2": 164
      },
      "true_class_distribution": {
        "0": 141,
        "1": 895,
        "2": 164
      },
      "pred_class_distribution": {
        "0": 191,
        "1": 836,
        "2": 173
      }
    },
    "test": {
      "per_class_precision": {
        "0": 0.2568493150684932,
        "1": 0.6851549755301795,
        "2": 0.24696356275303644
      },
      "per_class_recall": {
        "0": 0.36585365853658536,
        "1": 0.5660377358490566,
        "2": 0.2975609756097561
      },
      "per_class_f1": {
        "0": 0.30181086519114686,
        "1": 0.6199261992619927,
        "2": 0.26991150442477874
      },
      "macro_precision": 0.39632261778390304,
      "macro_recall": 0.4098174566651327,
      "weighted_f1": 0.5010315326594299,
      "support": {
        "0": 205,
        "1": 742,
        "2": 205
      },
      "true_class_distribution": {
        "0": 205,
        "1": 742,
        "2": 205
      },
      "pred_class_distribution": {
        "0": 292,
        "1": 613,
        "2": 247
      }
    }
  },
  "mlp": {
    "val": {
      "per_class_precision": {
        "0": 0.3032258064516129,
        "1": 0.8344155844155844,
        "2": 0.23140495867768596
      },
      "per_class_recall": {
        "0": 0.3333333333333333,
        "1": 0.8614525139664805,
        "2": 0.17073170731707318
      },
      "per_class_f1": {
        "0": 0.31756756756756754,
        "1": 0.8477185266630016,
        "2": 0.19649122807017544
      },
      "macro_precision": 0.45634878318162775,
      "macro_recall": 0.455172518205629,
      "weighted_f1": 0.6964247248282686,
      "support": {
        "0": 141,
        "1": 895,
        "2": 164
      },
      "true_class_distribution": {
        "0": 141,
        "1": 895,
        "2": 164
      },
      "pred_class_distribution": {
        "0": 155,
        "1": 924,
        "2": 121
      }
    },
    "test": {
      "per_class_precision": {
        "0": 0.24329501915708812,
        "1": 0.796923076923077,
        "2": 0.25901639344262295
      },
      "per_class_recall": {
        "0": 0.6195121951219512,
        "1": 0.3490566037735849,
        "2": 0.3853658536585366
      },
      "per_class_f1": {
        "0": 0.3493810178817056,
        "1": 0.4854732895970009,
        "2": 0.30980392156862746
      },
      "macro_precision": 0.4330781631742626,
      "macro_recall": 0.4513115508513576,
      "weighted_f1": 0.4299948728023376,
      "support": {
        "0": 205,
        "1": 742,
        "2": 205
      },
      "true_class_distribution": {
        "0": 205,
        "1": 742,
        "2": 205
      },
      "pred_class_distribution": {
        "0": 522,
        "1": 325,
        "2": 305
      }
    }
  }
}