{
  "majority": {
    "val": {
      "non_neutral_recall": 0.0,
      "non_neutral_precision": null,
      "directional_accuracy_non_neutral": 0.0,
      "up_down_macro_f1": 0.0,
      "opposite_direction_rate": 0.0
    },
    "test": {
      "non_neutral_recall": 0.0,
      "non_neutral_precision": null,
      "directional_accuracy_non_neutral": 0.0,
      "up_down_macro_f1": 0.0,
      "opposite_direction_rate": 0.0
    }
  },
  "logistic_regression": {
    "val": {
      "non_neutral_recall": 0.5431654676258992,
      "non_neutral_precision": 0.24394184168012925,
      "directional_accuracy_non_neutral": 0.38489208633093525,
      "up_down_macro_f1": 0.49882629107981225,
      "opposite_direction_rate": 0.15827338129496402
    },
    "test": {
      "non_neutral_recall": 0.30127041742286753,
      "non_neutral_precision": 0.5496688741721855,
      "directional_accuracy_non_neutral": 0.17785843920145192,
      "up_down_macro_f1": 0.27001710259990896,
      "opposite_direction_rate": 0.12341197822141561
    }
  },
  "mlp": {
    "val": {
      "non_neutral_recall": 0.34532374100719426,
      "non_neutral_precision": 0.1871345029239766,
      "directional_accuracy_non_neutral": 0.18705035971223022,
      "up_down_macro_f1": 0.26898954703832756,
      "opposite_direction_rate": 0.15827338129496402
    },
    "test": {
      "non_neutral_recall": 0.12885662431941924,
      "non_neutral_precision": 0.6396396396396397,
      "directional_accuracy_non_neutral": 0.0780399274047187,
      "up_down_macro_f1": 0.11977715877437325,
      "opposite_direction_rate": 0.050816696914700546
    }
  }
}