model,split,accuracy,balanced_accuracy,macro_f1,mcc,log_loss,weighted_f1,macro_precision,macro_recall,non_neutral_recall,non_neutral_precision,directional_accuracy_non_neutral,up_down_macro_f1,opposite_direction_rate
majority,val,0.7683333333333333,0.3333333333333333,0.2896638391454603,0.0,0.7090115540066083,0.6676751492302859,0.2561111111111111,0.3333333333333333,0.0,,0.0,0.0,0.0
majority,test,0.4500998003992016,0.3333333333333333,0.2069281945400321,0.0,1.222762269344067,0.27941501717830686,0.15003326679973386,0.3333333333333333,0.0,,0.0,0.0,0.0
logistic_regression,val,0.4675,0.4212619914414702,0.36186662722511986,0.07377267388870809,5.519757688795354,0.5202199020300151,0.3786592045690406,0.4212619914414702,0.5431654676258992,0.24394184168012925,0.38489208633093525,0.49882629107981225,0.15827338129496402
logistic_regression,test,0.4121756487025948,0.35042263963946246,0.33380232479579747,0.025026386558403484,9.248650377124687,0.37168864574387805,0.3734798588411312,0.35042263963946246,0.30127041742286753,0.5496688741721855,0.17785843920145192,0.27001710259990896,0.12341197822141561
mlp,val,0.46416666666666667,0.310012885518784,0.3006783842242553,-0.051857741671257146,0.9603762406539125,0.5142168095285059,0.35042435075857203,0.310012885518784,0.34532374100719426,0.1871345029239766,0.18705035971223022,0.26898954703832756,0.15827338129496402
mlp,test,0.4530938123752495,0.35353791984889543,0.276019158676622,0.058910796029314844,1.759442263330353,0.33764579801324257,0.2828889495556162,0.35353791984889543,0.12885662431941924,0.6396396396396397,0.0780399274047187,0.11977715877437325,0.050816696914700546
