model,split,accuracy,balanced_accuracy,macro_f1,mcc,log_loss,weighted_f1,macro_precision,macro_recall,non_neutral_recall,non_neutral_precision,directional_accuracy_non_neutral,up_down_macro_f1,opposite_direction_rate
majority,val,0.7458333333333333,0.3333333333333333,0.284805091487669,0.0,0.7618507740327296,0.6372513922036595,0.24861111111111112,0.3333333333333333,0.0,,0.0,0.0,0.0
majority,test,0.6440972222222222,0.3333333333333333,0.26117564237944385,0.0,0.8980340956307887,0.5046675173061129,0.21469907407407407,0.3333333333333333,0.0,,0.0,0.0,0.0
logistic_regression,val,0.6633333333333333,0.49464867090130543,0.48032011683746917,0.23995667644236912,2.425662632666108,0.674586394776238,0.4720645048033443,0.49464867090130543,0.5147540983606558,0.43131868131868134,0.3540983606557377,0.4675324675324675,0.16065573770491803
logistic_regression,test,0.4826388888888889,0.4098174566651327,0.39721618962597277,0.10067668583911833,4.162410903535304,0.5010315326594299,0.39632261778390304,0.4098174566651327,0.5292682926829269,0.4025974025974026,0.33170731707317075,0.4327559857361182,0.1975609756097561
mlp,val,0.705,0.455172518205629,0.4539257741002482,0.25730684614935806,0.7620767229495472,0.6964247248282686,0.45634878318162775,0.455172518205629,0.49836065573770494,0.5507246376811594,0.2459016393442623,0.3237583323700536,0.25245901639344265
mlp,test,0.4036458333333333,0.4513115508513576,0.38155274301577796,0.16235161600329115,1.2766523863286734,0.4299948728023376,0.4330781631742626,0.4513115508513576,0.8390243902439024,0.4159613059250302,0.5024390243902439,0.5389757242642849,0.33658536585365856
