{
  "true_distribution": {
    "train": {
      "0": 779,
      "1": 4002,
      "2": 819
    },
    "val": {
      "0": 132,
      "1": 922,
      "2": 146
    },
    "test": {
      "0": 288,
      "1": 451,
      "2": 263
    }
  },
  "predicted_distribution": {
    "majority": {
      "val": {
        "0": 0,
        "1": 1200,
        "2": 0
      },
      "test": {
        "0": 0,
        "1": 1002,
        "2": 0
      }
    },
    "logistic_regression": {
      "val": {
        "0": 357,
        "1": 581,
        "2": 262
      },
      "test": {
        "0": 199,
        "1": 700,
        "2": 103
      }
    },
    "mlp": {
      "val": {
        "0": 445,
        "1": 687,
        "2": 68
      },
      "test": {
        "0": 111,
        "1": 891,
        "2": 0
      }
    }
  },
  "probability_summary": {
    "majority": {
      "val": {
        "mean_confidence": 0.7146428571428572
      },
      "test": {
        "mean_confidence": 0.7146428571428574
      }
    },
    "logistic_regression": {
      "val": {
        "mean_confidence": 0.936910672923728
      },
      "test": {
        "mean_confidence": 0.9636710858226125
      }
    },
    "mlp": {
      "val": {
        "mean_confidence": 0.5613395571708679
      },
      "test": {
        "mean_confidence": 0.758425772190094
      }
    }
  }
}